# Explicit meaning-level candidate mappings; every new image requires parent approval.
numbers	one	MDI	tally-mark-1
numbers	two	MDI	tally-mark-2
numbers	three	MDI	tally-mark-3
numbers	four	MDI	tally-mark-4
numbers	five	MDI	tally-mark-5
colors	red	OpenMoji	1F7E5
colors	blue	OpenMoji	1F7E6
colors	orange	OpenMoji	1F7E7
colors	yellow	OpenMoji	1F7E8
colors	green	OpenMoji	1F7E9
colors	purple	OpenMoji	1F7EA
colors	brown	OpenMoji	1F7EB
colors	black	OpenMoji	2B1B
colors	white	OpenMoji	2B1C
animals	dinosaur	OpenMoji	1F995
animals	nest	OpenMoji	1FAB9
animals	tortoise	MDI	tortoise
house	armchair	OpenMoji	E141
house	bath	OpenMoji	1F6C1
house	bookcase	Mulberry	EN/bookcase.svg
house	box	OpenMoji	1F4E6
house	clock	MDI	clock-outline
house	computer	OpenMoji	1F5A5
house	desk	MDI	desk
house	flower	OpenMoji	1F337
house	home|house	OpenMoji	1F3E0
house	lamp	MDI	lamp-outline
house	mat|rug	MDI	rug
house	phone	OpenMoji	1F4F1
house	telephone	OpenMoji	260E
house	picture|photo	OpenMoji	E142
house	sleep	OpenMoji	1F634
house	sofa	MDI	sofa-outline
house	table	MDI	table-furniture
house	tree	OpenMoji	1F333
house	wall	MDI	wall
house	balcony	MDI	balcony
house	downstairs	MDI	stairs-down
house	upstairs	MDI	stairs-up
house	elevator|lift	OpenMoji	1F6D7
house	internet	MDI	web
house	message	OpenMoji	E096
house	roof	MDI	home-roof
house	seat	OpenMoji	1F4BA
house	shower	OpenMoji	1F6BF
house	stair|stairs|step|steps	MDI	stairs
house	wash	OpenMoji	E0B2
house	paper	MDI	note-outline
house	cooker	MDI	stove
house	diary	MDI	notebook-outline
house	fridge|refrigerator	MDI	fridge-outline
house	gate	MDI	gate
house	letter	OpenMoji	2709
house	oven	MDI	toaster-oven
house	screen	MDI	monitor
house	shelf	Mulberry	EN/book_shelf.svg
house	stamp	MDI	postage-stamp
body	arm	OpenMoji	1F4AA
body	body	MDI	human
body	face	OpenMoji	1F600
body	head	MDI	head-outline
body	smile	OpenMoji	1F642
body	beard	OpenMoji	1F9D4
body	blond|blonde	OpenMoji	1F471
body	curly	OpenMoji	1F9B1
body	moustache	MDI	mustache
body	stomach	OpenMoji	E313
body	wing	OpenMoji	1FABD
clothes	bag	OpenMoji	1F392
clothes	baseball cap	OpenMoji	1F9E2
clothes	boots	OpenMoji	1F462
clothes	hat	OpenMoji	1F452
clothes	shoe	OpenMoji	1F45E
clothes	sock	OpenMoji	1F9E6
clothes	helmet	OpenMoji	E14A
clothes	glove	OpenMoji	1F9E4
clothes	necklace	MDI	necklace
clothes	trainers	OpenMoji	1F45F
people	baby	OpenMoji	1F476
people	boy	OpenMoji	1F466
people	girl	OpenMoji	1F467
people	kid|child	OpenMoji	1F9D2
people	family	OpenMoji	1F46A
people	teacher	OpenMoji	1F9D1-200D-1F3EB
people	man	OpenMoji	1F468
people	men	MDI	human-male-male
people	person|grown-up	OpenMoji	1F9D1
people	people	OpenMoji	1F465
people	woman	OpenMoji	1F469
people	women	MDI	human-female-female
people	cook	OpenMoji	1F9D1-200D-1F373
people	clown	OpenMoji	1F921
people	farmer	OpenMoji	1F9D1-200D-1F33E
people	doctor	OpenMoji	E300
people	nurse	OpenMoji	E302
people	pirate	MDI	pirate
people	mechanic	OpenMoji	1F9D1-200D-1F527
people	astronaut	OpenMoji	1F9D1-200D-1F680
people	artist	OpenMoji	1F9D1-200D-1F3A8
people	fire fighter	OpenMoji	1F9D1-200D-1F692
people	newspaper	OpenMoji	1F4F0
people	pilot	OpenMoji	1F9D1-200D-2708-FE0F
people	office	OpenMoji	1F3E2
people	singer	OpenMoji	1F9D1-200D-1F3A4
people	police officer	OpenMoji	1F46E
food	cake	OpenMoji	E0C7
food	candy|sweet	OpenMoji	1F36C
food	chicken	OpenMoji	1F357
food	chip|fry	OpenMoji	1F35F
food	fish	OpenMoji	1F41F
food	ice cream	OpenMoji	1F368
food	lime	OpenMoji	1F34B-200D-1F7E9
food	meat	OpenMoji	1F969
food	milk	OpenMoji	1F95B
food	orange	OpenMoji	E0C0
food	pea	OpenMoji	1FADB
food	pie	OpenMoji	1F967
food	sausage	MDI	sausage
food	water	MDI	cup-water
food	bottle	OpenMoji	E0CB
food	bowl	MDI	bowl-outline
food	coffee	OpenMoji	2615
food	cup	MDI	coffee-outline
food	glass	MDI	cup-outline
food	noodles	MDI	noodles
food	pasta	OpenMoji	1F35D
food	soup	OpenMoji	1F372
food	tea	OpenMoji	1F375
food	fork	MDI	silverware-fork
food	knife	OpenMoji	1F52A
food	pepper	OpenMoji	1FAD1
health	cold	OpenMoji	1F927
health	cry	OpenMoji	1F622
health	earache	OpenMoji	E31E
health	headache	OpenMoji	E31D
health	ill|sick	OpenMoji	1F912
health	temperature	OpenMoji	1F321
health	tired	OpenMoji	1F62B
health	medicine	OpenMoji	1F48A
health	X-ray	OpenMoji	1FA7B
places	park	OpenMoji	1F3DE
places	playground	OpenMoji	1F6DD
places	shop|store	OpenMoji	1F3EA
places	street|road	MDI	road
places	building	OpenMoji	1F3E2
places	bus stop	OpenMoji	1F68F
places	cinema	OpenMoji	1F3A6
places	circus	OpenMoji	1F3AA
places	city	OpenMoji	1F3D9
places	town	OpenMoji	E203
places	hospital	OpenMoji	1F3E5
places	map	OpenMoji	1F5FA
places	swimming pool	MDI	pool
places	airport	MDI	airport
places	bank	OpenMoji	1F3E6
places	factory	OpenMoji	1F3ED
places	fire station	MDI	fire-station
places	left	OpenMoji	2B05
places	right	OpenMoji	27A1
places	police station	MDI	police-station
places	post office	OpenMoji	1F3E4
places	skyscraper	MDI	office-building
school	colour|color	OpenMoji	1F3A8
school	correct|right|tick	OpenMoji	2714
school	cross	OpenMoji	274C
school	cupboard	MDI	cupboard-outline
school	draw	MDI	draw
school	eraser|rubber	MDI	eraser
school	music	OpenMoji	1F3B5
school	page	OpenMoji	1F4C4
school	painting|picture	OpenMoji	E142
school	question	OpenMoji	2753
school	school	OpenMoji	1F3EB
school	stand	OpenMoji	1F9CD
school	write	OpenMoji	270D
school	Art	OpenMoji	1F3A8
school	bin	OpenMoji	1F5D1
school	group|team	OpenMoji	E081
school	timetable	MDI	timetable
sport	badminton	OpenMoji	1F3F8
sport	baseball	OpenMoji	26BE
sport	basketball	OpenMoji	1F3C0
sport	bat	MDI	baseball-bat
sport	bounce	OpenMoji	26F9
sport	fishing	OpenMoji	1F3A3
sport	football|soccer	OpenMoji	26BD
sport	hockey	OpenMoji	1F3D1
sport	piano	MDI	piano
sport	ride|ride a bike	OpenMoji	1F6B4
sport	run	OpenMoji	1F3C3
sport	sing	OpenMoji	1F9D1-200D-1F3A4
sport	swim	OpenMoji	1F3CA
sport	table tennis	OpenMoji	1F3D3
sport	take a photo|take a picture	OpenMoji	1F4F8
sport	racket	MDI	tennis
sport	tennis	OpenMoji	1F3BE
sport	walk	OpenMoji	1F6B6
sport	CD	OpenMoji	1F4BF
sport	dance	OpenMoji	1F483
sport	DVD	OpenMoji	1F4C0
sport	email	OpenMoji	1F4E7
sport	film|movie	OpenMoji	1F39E
sport	go shopping	OpenMoji	1F6CD
sport	goal|net	OpenMoji	1F945
sport	ice-skate	OpenMoji	26F8
sport	party	OpenMoji	1F389
sport	pool	MDI	pool
sport	present	OpenMoji	1F381
sport	roller-skate	OpenMoji	1F6FC
sport	sail	OpenMoji	26F5
sport	video	OpenMoji	1F4FC
sport	listen to music	OpenMoji	1F3A7
sport	chess	MDI	chess-knight
sport	golf	OpenMoji	1F3CC
sport	prize	OpenMoji	1F3C6
sport	puzzle	OpenMoji	1F9E9
sport	ski	OpenMoji	26F7
sport	snowboard	MDI	snowboard
sport	volleyball	OpenMoji	1F3D0
sport	winner	MDI	podium-gold
time	calendar	MDI	calendar-blank-outline
time	birthday	OpenMoji	1F382
time	morning	OpenMoji	1F305
time	evening	OpenMoji	1F307
time	night	OpenMoji	1F303
time	today	MDI	calendar-today
time	week	MDI	calendar-week
time	weekend	MDI	calendar-weekend
toys	ball	OpenMoji	26BD
toys	board game	MDI	checkerboard
toys	monster	OpenMoji	1F47E
toys	computer game	OpenMoji	1F3AE
toys	tablet	OpenMoji	E1CC
transport	spaceship	OpenMoji	E20B
transport	ticket	OpenMoji	1F3AB
transport	tire|tyre	MDI	tire
transport	motorway	OpenMoji	1F6E3
transport	railway|railroad	OpenMoji	1F6E4
transport	traffic	MDI	car-multiple
transport	truck	MDI	truck-outline
weather	cloudy	OpenMoji	2601
weather	ice	OpenMoji	1F9CA
weather	rain|rainy	OpenMoji	1F327
weather	snow|snowy	OpenMoji	1F328
weather	sunny	OpenMoji	2600
weather	wind|windy	OpenMoji	1F32C
weather	fog	OpenMoji	1F32B
weather	foggy	OpenMoji	1F301
weather	storm	OpenMoji	26C8
world	beach	OpenMoji	1F3D6
world	shell	OpenMoji	1F41A
world	Earth	OpenMoji	1F30D
world	forest	MDI	forest
world	grass	MDI	grass
world	leaf	OpenMoji	1F341
world	leaves	OpenMoji	1F342
world	plant	OpenMoji	1FAB4
world	rock|stone	OpenMoji	1FAA8
world	waterfall	MDI	waterfall
world	wave|sea|ocean	OpenMoji	1F30A
world	world	OpenMoji	1F5FA
world	planet	OpenMoji	1FA90
world	space	OpenMoji	1F30C
world	pyramid	OpenMoji	E20F
world	Moon	OpenMoji	1F319
numbers	six	Mulberry	EN/six_dots.svg
numbers	seven	Mulberry	EN/seven_dots.svg
numbers	eight	Mulberry	EN/eight_dots.svg
numbers	nine	Mulberry	EN/nine_dots.svg
numbers	ten	Mulberry	EN/ten.svg
numbers	eleven	Mulberry	EN/eleven.svg
numbers	twelve	Mulberry	EN/twelve.svg
numbers	thirteen	Mulberry	EN/thirteen.svg
numbers	fourteen	Mulberry	EN/fourteen.svg
numbers	fifteen	Mulberry	EN/fifteen.svg
numbers	twenty	Mulberry	EN/twenty.svg
numbers	hundred	Mulberry	EN/hundred.svg
numbers	thousand	Mulberry	EN/thousand.svg
colors	pink	Mulberry	EN/pink.svg
colors	grey|gray	Mulberry	EN/grey_light.svg
colors	striped	Mulberry	EN/striped.svg
animals	cage	Mulberry	EN/cage.svg
house	blanket	Mulberry	EN/blanket.svg
house	dream	Mulberry	EN/dream_,_to.svg
house	floor	Mulberry	EN/floor.svg
house	towel	Mulberry	EN/towel.svg
house	comb	Mulberry	EN/comb.svg
house	cushion	Mulberry	EN/cushion_2.svg
house	shampoo	Mulberry	EN/shampoo.svg
house	swing	Mulberry	EN/swing.svg
body	feet	Mulberry	EN/feet.svg
body	back	Mulberry	EN/back.svg
body	neck	Mulberry	EN/neck.svg
body	shoulder	Mulberry	EN/shoulder.svg
body	teeth	Mulberry	EN/teeth.svg
body	elbow	Mulberry	EN/elbow.svg
body	finger	Mulberry	EN/finger.svg
body	knee	Mulberry	EN/knee.svg
clothes	jacket	Mulberry	EN/jacket.svg
clothes	shirt	Mulberry	EN/shirt.svg
clothes	skirt	Mulberry	EN/skirt.svg
clothes	trousers	Mulberry	EN/trousers.svg
clothes	belt	Mulberry	EN/belt.svg
clothes	bracelet	Mulberry	EN/bracelet_1.svg
clothes	pajamas|pyjamas	Mulberry	EN/pyjamas.svg
clothes	pocket	Mulberry	EN/pocket.svg
clothes	tights	Mulberry	EN/tights.svg
people	brother	Mulberry	EN/brother.svg
people	father|dad|daddy	Mulberry	EN/dad_parent.svg
people	grandfather|grandpa	Mulberry	EN/grandfather.svg
people	grandmother|grandma	Mulberry	EN/grandmother.svg
people	mother|mum|mummy	Mulberry	EN/mum_parent.svg
people	old	Mulberry	EN/old_person_1.svg
people	young	Mulberry	EN/young.svg
people	sister	Mulberry	EN/sister.svg
people	dentist	Mulberry	EN/dentist_1a.svg
people	driver	Mulberry	EN/taxi_driver_1a.svg
people	aunt	Mulberry	EN/aunt_maternal.svg
people	daughter	Mulberry	EN/daughter.svg
people	son	Mulberry	EN/son.svg
people	husband	Mulberry	EN/husband.svg
people	wife	Mulberry	EN/wife.svg
people	married	Mulberry	EN/married.svg
people	uncle	Mulberry	EN/uncle_maternal.svg
people	secretary	Mulberry	EN/secretary_1a.svg
food	breakfast	Mulberry	EN/breakfast_time.svg
food	dinner	Mulberry	EN/dinner_time.svg
food	drink	Mulberry	EN/drink_,_to.svg
food	eat	Mulberry	EN/eat_,_to.svg
food	food	Mulberry	EN/food.svg
food	fruit	Mulberry	EN/fruit.svg
food	juice	Mulberry	EN/orange_juice.svg
food	lemonade	Mulberry	EN/lemonade.svg
food	lunch	Mulberry	EN/lunch_time.svg
food	hungry	Mulberry	EN/hungry.svg
food	milkshake	Mulberry	EN/milkshake.svg
food	picnic	Mulberry	EN/picnic.svg
food	plate	Mulberry	EN/plate.svg
food	thirsty	Mulberry	EN/thirsty.svg
food	cereal	Mulberry	EN/cereal.svg
food	flour	Mulberry	EN/flour_plain.svg
food	jam	Mulberry	EN/jam.svg
food	taste	Mulberry	EN/taste_,_to.svg
food	sugar	Mulberry	EN/sugar_white.svg
health	fall	Mulberry	EN/fall_over_,_to.svg
health	toothache	Mulberry	EN/toothache.svg
places	behind	Mulberry	EN/behind.svg
places	between	Mulberry	EN/between.svg
places	in	Mulberry	EN/in.svg
places	in front of	Mulberry	EN/in_front.svg
places	on	Mulberry	EN/on.svg
places	under	Mulberry	EN/under_1.svg
places	above	Mulberry	EN/above.svg
places	below	Mulberry	EN/below.svg
places	cafe	Mulberry	EN/cafe.svg
places	near|close	Mulberry	EN/near.svg
places	opposite	Mulberry	EN/opposite.svg
places	through	Mulberry	EN/through.svg
places	east	Mulberry	EN/east.svg
places	west	Mulberry	EN/west.svg
places	north	Mulberry	EN/north.svg
places	south	Mulberry	EN/south.svg
places	middle	Mulberry	EN/middle.svg
school	ask	Mulberry	EN/ask_,_to.svg
school	answer	Mulberry	EN/answer.svg
school	class|classroom	Mulberry	EN/class_room.svg
school	open	Mulberry	EN/open_door_,_to.svg
school	close	Mulberry	EN/close_door_,_to.svg
school	English	Mulberry	EN/english_class.svg
school	find	Mulberry	EN/find_,_to.svg
school	study	Mulberry	EN/study_,_to.svg
school	line	Mulberry	EN/line_horizontal.svg
school	look	Mulberry	EN/look_,_to.svg
school	read	Mulberry	EN/read_book_,_to.svg
school	sit	Mulberry	EN/sit_,_to.svg
school	spell	Mulberry	EN/spell_,_to.svg
school	break	Mulberry	EN/break_time_1.svg
school	mistake	Mulberry	EN/mistake_no_wrong.svg
school	race|competition	Mulberry	EN/race_athletics.svg
school	dictionary	Mulberry	EN/dictionary.svg
school	Geography	Mulberry	EN/geography_class.svg
school	glue	Mulberry	EN/glue.svg
school	gym	Mulberry	EN/gym_1.svg
school	History	Mulberry	EN/history_class.svg
school	Math|Maths	Mulberry	EN/maths_class.svg
school	Science	Mulberry	EN/science_class.svg
sport	catch	Mulberry	EN/catch_,_to.svg
sport	drive	Mulberry	EN/drive_,_to.svg
sport	jump	Mulberry	EN/jump_,_to.svg
sport	kick	Mulberry	EN/kick_ball_,_to.svg
sport	play	Mulberry	EN/play_,_to.svg
sport	hop	Mulberry	EN/hop_,_to.svg
sport	score	Mulberry	EN/score_goal_,_to.svg
sport	skip	Mulberry	EN/skip_,_to.svg
sport	collect	Mulberry	EN/collect_,_to.svg
sport	meet	Mulberry	EN/meet_,_to.svg
time	spring	Mulberry	EN/spring.svg
time	summer	Mulberry	EN/summer.svg
time	autumn|fall	Mulberry	EN/autumn.svg
time	winter	Mulberry	EN/winter.svg
time	day	Mulberry	EN/day.svg
time	after	Mulberry	EN/after.svg
time	before	Mulberry	EN/before.svg
time	every	Mulberry	EN/every.svg
time	month	Mulberry	EN/calendar_month.svg
time	yesterday	Mulberry	EN/yesterday.svg
time	tomorrow	Mulberry	EN/tomorrow.svg
time	future	Mulberry	EN/future.svg
time	hour	Mulberry	EN/one_hour.svg
time	minute	Mulberry	EN/minute.svg
toys	doll	Mulberry	EN/doll.svg
world	field	Mulberry	EN/field.svg
world	ground	Mulberry	EN/ground.svg
world	pond	Mulberry	EN/pond.svg
house	brush	Mulberry	EN/hairbrush.svg
clothes	sweater	Mulberry	EN/jumper.svg
food	vegetable	Mulberry	EN/vegetables.svg
food	yoghurt	Mulberry	EN/yogurt.svg
health	stomachache	Mulberry	EN/stomach_ache.svg
